,Id,Name,Description,TypeId,DataTypeId,ComputationTypeId,TaxonomyString,LeafNode
0,1,Properties,General properties of the game.,1,1,1,1,0
1,2,Format,Format of the game.,1,1,1,1.1,0
2,3,Time,Time model.,1,1,1,1.1.1,0
3,4,Discrete,Players move at discrete intervals.,1,1,1,1.1.1.1,1
4,5,Realtime,Moves not discrete.,1,1,1,1.1.1.2,1
5,6,Turns,Player turns.,1,1,1,1.1.2,0
6,7,Alternating,Players take turns moving.,1,1,1,1.1.2.1,1
7,8,Simultaneous,Players can move at the same time.,1,1,1,1.1.2.2,1
8,9,Stochastic,Game involves chance elements.,1,1,1,1.1.3,1
9,10,HiddenInformation,Game involves hidden information.,1,1,1,1.1.4,1
10,11,Match,Match game.,1,1,1,1.1.5,1
11,12,Asymmetric,Asymmetry in rules and/or forces.,1,1,1,1.1.6,0
12,13,AsymmetricRules,Players have different rules.,1,1,1,1.1.6.1,0
13,14,AsymmetricPlayRules,Players have different play rules.,1,1,1,1.1.6.1.1,1
14,15,AsymmetricEndRules,Players have different end rules.,1,1,1,1.1.6.1.2,1
15,16,AsymmetricForces,Players have different forces.,1,1,1,1.1.6.2,0
16,17,AsymmetricSetup,Different starting positions for each player.,1,1,1,1.1.6.2.1,1
17,18,AsymmetricPiecesType,Different piece types owned by each player.,1,1,1,1.1.6.2.2,1
18,19,Players,Players of the game.,1,1,1,1.2,0
19,20,NumPlayers,Number of players.,1,2,1,1.2.1,0
20,21,Simulation,No players (environment runs the game).,1,1,1,1.2.1.1,1
21,22,Solitaire,Single player.,1,1,1,1.2.1.2,1
22,23,TwoPlayer,Two players.,1,1,1,1.2.1.3,1
23,24,Multiplayer,More than two players.,1,1,1,1.2.1.4,1
24,25,Cooperation,Players have to cooperate.,1,1,1,1.3,0
25,26,Team,Game involves teams of players.,1,1,1,1.3.1,1
26,27,Coalition,Players may form coalitions.,1,1,1,1.3.2,1
27,28,Puzzle,Type of puzzle.,1,1,1,1.4,0
28,29,DeductionPuzzle,Solution can be deduced.,1,1,1,1.4.1,1
29,30,PlanningPuzzle,Solution is reached in moving pieces.,1,1,1,1.4.2,1
30,31,Equipment,Equipment for playing the game.,2,1,1,2,0
31,32,Container,Containers that hold components.,11,1,1,2.1,0
32,33,Board,Board shared by player for playing the game.,11,1,1,2.1.1,0
33,34,Shape,The shape of the board.,11,1,1,2.1.1.1,0
34,35,SquareShape,Square shape.,11,1,1,2.1.1.1.1,1
35,36,HexShape,Hexagonal shape.,11,1,1,2.1.1.1.2,1
36,37,TriangleShape,Triangle shape.,11,1,1,2.1.1.1.3,1
37,38,DiamondShape,Diamond shape.,11,1,1,2.1.1.1.4,1
38,39,RectangleShape,Rectangle shape.,11,1,1,2.1.1.1.5,1
39,40,SpiralShape,Spirale shape.,11,1,1,2.1.1.1.6,1
40,41,CircleShape,Circle shape.,11,1,1,2.1.1.1.7,1
41,42,PrismShape,Prism shape.,11,1,1,2.1.1.1.8,1
42,43,StarShape,Star shape.,11,1,1,2.1.1.1.9,1
43,44,ParallelogramShape,Parallelogram shape.,11,1,1,2.1.1.1.10,1
44,45,SquarePyramidalShape,Square Pyramidal shape.,11,1,1,2.1.1.1.11,1
45,46,RectanglePyramidalShape,Rectangle Pyramidal shape.,11,1,1,2.1.1.1.12,1
46,47,RegularShape,Regular shape.,11,1,1,2.1.1.1.13,1
47,48,PolygonShape,General polygonal shape.,11,1,1,2.1.1.1.14,1
48,49,TargetShape,Target shape.,11,1,1,2.1.1.1.15,1
49,50,Tiling,The shape of the board.,11,1,1,2.1.1.2,0
50,51,SquareTiling,Square tiling.,11,1,1,2.1.1.2.1,1
51,52,HexTiling,Hexagonal tiling.,11,1,1,2.1.1.2.2,1
52,53,TriangleTiling,Triangle tiling.,11,1,1,2.1.1.2.3,1
53,54,BrickTiling,Brick tiling.,11,1,1,2.1.1.2.4,1
54,55,SemiRegularTiling,Semi regular tiling.,11,1,1,2.1.1.2.5,1
55,56,CelticTiling,Celtic tiling.,11,1,1,2.1.1.2.6,1
56,57,MorrisTiling,Morris tiling.,11,1,1,2.1.1.2.7,1
57,58,QuadHexTiling,QuadHex tiling.,11,1,1,2.1.1.2.8,1
58,59,CircleTiling,Circle tiling.,11,1,1,2.1.1.2.9,1
59,60,ConcentricTiling,Concentric tiling.,11,1,1,2.1.1.2.10,1
60,61,SpiralTiling,Spiral tiling.,11,1,1,2.1.1.2.11,1
61,62,AlquerqueTiling,Alquerque tiling.,11,1,1,2.1.1.2.12,1
62,63,MancalaBoard,Mancala board.,11,1,1,2.1.1.3,0
63,64,MancalaStores,Mancala board with stores.,11,1,1,2.1.1.3.1,1
64,65,MancalaTwoRows,Mancala board with 2 rows.,11,1,1,2.1.1.3.2,1
65,66,MancalaThreeRows,Mancala board with 3 rows.,11,1,1,2.1.1.3.3,1
66,67,MancalaFourRows,Mancala board with 4 rows.,11,1,1,2.1.1.3.4,1
67,68,MancalaSixRows,Mancala board with 6 rows.,11,1,1,2.1.1.3.5,1
68,69,MancalaCircular,Mancala board with circular tiling.,11,1,1,2.1.1.3.6,1
69,70,Track,The board has a track.,11,1,1,2.1.1.4,0
70,71,TrackLoop,A track is a loop.,11,1,1,2.1.1.4.1,1
71,72,TrackOwned,A track is owned.,11,1,1,2.1.1.4.2,1
72,73,Hints,The board has some hints.,11,1,1,2.1.1.5,1
73,74,Region,The board has regions.,11,1,1,2.1.1.6,1
74,75,Boardless,Game is played on an implied grid.,11,1,1,2.1.1.7,1
75,76,PlayableSites,Playable sites.,11,1,1,2.1.1.8,0
76,77,Vertex,Use Vertices.,11,1,1,2.1.1.8.1,1
77,78,Cell,Use cells.,11,1,1,2.1.1.8.2,1
78,79,Edge,Use edges.,11,1,1,2.1.1.8.3,1
79,80,NumPlayableSitesOnBoard,Number of playables sites on the board.,11,2,1,2.1.1.8.4,1
80,81,NumColumns,Number of columns of the board.,11,2,1,2.1.1.9,1
81,82,NumRows,Number of rows of the board.,11,2,1,2.1.1.10,1
82,83,NumCorners,Number of corners of the board.,11,2,1,2.1.1.11,1
83,84,NumDirections,Average number of directions of each playable site on the board.,11,4,1,2.1.1.12,1
84,85,NumOrthogonalDirections,Average number of orthogonal directions of each playable site on the board.,11,4,1,2.1.1.13,1
85,86,NumDiagonalDirections,Average number of diagonal directions of each playable site on the board.,11,4,1,2.1.1.14,1
86,87,NumAdjacentDirections,Average number of adjacent directions of each playable site on the board.,11,4,1,2.1.1.15,1
87,88,NumOffDiagonalDirections,Average number of off diagonal directions of each playable site on the board.,11,4,1,2.1.1.16,1
88,89,NumOuterSites,Number of outer sites of the board.,11,2,1,2.1.1.17,1
89,90,NumInnerSites,Number of inner sites of the board.,11,2,1,2.1.1.18,1
90,91,NumLayers,Number of layers of the board.,11,2,1,2.1.1.19,1
91,92,NumEdges,Number of edges of the board.,11,2,1,2.1.1.20,1
92,93,NumCells,Number of cells of the board.,11,2,1,2.1.1.21,1
93,94,NumVertices,Number of vertices of the board.,11,2,1,2.1.1.22,1
94,95,NumPerimeterSites,Number of perimeter sites of the board.,11,2,1,2.1.1.23,1
95,96,NumTopSites,Number of top sites of the board.,11,2,1,2.1.1.24,1
96,97,NumBottomSites,Number of bottom sites of the board.,11,2,1,2.1.1.25,1
97,98,NumRightSites,Number of right sites of the board.,11,2,1,2.1.1.26,1
98,99,NumLeftSites,Number of left sites of the board.,11,2,1,2.1.1.27,1
99,100,NumCentreSites,Number of centre sites of the board.,11,2,1,2.1.1.28,1
100,101,NumConvexCorners,Number of convex corners of the board.,11,2,1,2.1.1.29,1
101,102,NumConcaveCorners,Number of concave corners of the board.,11,2,1,2.1.1.30,1
102,103,NumPhasesBoard,Number of phases of the board.,11,2,1,2.1.1.31,1
103,104,Hand,Player hands for storing own pieces.,11,1,1,2.1.2,1
104,105,NumContainers,Number of containers.,11,2,1,2.1.3,1
105,106,NumPlayableSites,Number of playables sites in total.,11,2,1,2.1.4,1
106,107,Component,Components manipulated by the players.,12,1,1,2.2,0
107,108,Piece,Game is played with pieces.,12,1,1,2.2.1,1
108,109,PieceValue,Pieces have value.,12,1,1,2.2.2,1
109,110,PieceRotation,Pieces have rotations.,12,1,1,2.2.3,1
110,111,PieceDirection,Pieces have forward direction.,12,1,1,2.2.4,1
111,112,Dice,Game is played with dice.,12,1,1,2.2.5,1
112,113,BiasedDice,Use biased dice.,12,1,1,2.2.6,1
113,114,Card,Game is played with cards.,12,1,1,2.2.7,1
114,115,Domino,Game is played with dominoes.,12,1,1,2.2.8,1
115,116,LargePiece,Game is played with large pieces.,12,1,1,2.2.9,1
116,117,Tile,Game is played with tiles.,12,1,1,2.2.10,1
117,118,NumComponentsType,Number of component types.,12,2,1,2.2.11,1
118,119,NumComponentsTypePerPlayer,Average number of component types per player.,12,4,1,2.2.12,1
119,120,NumDice,Number of dice.,12,2,1,2.2.13,1
120,121,Rules,Rules of the game.,5,1,1,3,0
121,122,Meta,Global metarules that override all other rules.,3,1,1,3.1,0
122,123,OpeningContract,Game involves an opening round equaliser.,3,1,1,3.1.1,0
123,124,SwapOption,Second player may swap colours.,3,1,1,3.1.1.1,1
124,125,Repetition,Game has repetition checks.,3,1,1,3.1.2,0
125,126,TurnKo,No repeated piece positions within a single turn.,3,1,1,3.1.2.1,1
126,127,SituationalTurnKo,No repeated states withing a single turn.,3,1,1,3.1.2.2,1
127,128,PositionalSuperko,No repeated piece positions.,3,1,1,3.1.2.3,1
128,129,SituationalSuperko,No repeated states.,3,1,1,3.1.2.4,1
129,130,AutoMove,Apply all legal moves related to one single site.,3,1,1,3.1.3,1
130,131,Start,Start rules.,4,1,1,3.2,0
131,132,PiecesPlacedOnBoard,Places initially some pieces on the board.,4,1,1,3.2.1,1
132,133,PiecesPlacedOutsideBoard,Places initially some pieces (different of shared dice) outside of the board.,4,1,1,3.2.2,1
133,134,InitialRandomPlacement,Places initially randomly some pieces.,4,1,1,3.2.3,1
134,135,InitialScore,Sets initial score.,4,1,1,3.2.4,1
135,136,InitialAmount,Sets initial amount.,4,1,1,3.2.5,1
136,137,InitialPot,Sets initial pot.,4,1,1,3.2.6,1
137,138,InitialCost,Sets initially some costs on graph elements.,4,1,1,3.2.7,1
138,139,NumStartComponentsBoard,Number of components on board at start.,4,4,2,3.2.8,1
139,140,NumStartComponentsHand,Number of components in player hands at start.,4,4,2,3.2.9,1
140,141,NumStartComponents,Number of components at start.,4,4,2,3.2.10,1
141,142,Play,Rules of general play.,5,1,1,3.3,0
142,143,Moves,Moves.,5,1,1,3.3.1,0
143,144,MovesDecision,Moves.,5,1,1,3.3.1.1,0
144,145,NoSiteMoves,Moves.,5,1,1,3.3.1.1.1,0
145,146,BetDecision,Decide to bet.,5,1,1,3.3.1.1.1.1,0
146,147,BetDecisionFrequency,Frequency of Bet Decision move.,5,4,2,3.3.1.1.1.1.1,1
147,148,VoteDecision,Decide to vote.,5,1,1,3.3.1.1.1.2,0
148,149,VoteDecisionFrequency,Frequency of Vote Decision move.,5,4,2,3.3.1.1.1.2.1,1
149,150,SwapPlayersDecision,Decide to swap players.,5,1,1,3.3.1.1.1.3,0
150,151,SwapPlayersDecisionFrequency,Frequency of Swap Players Decision move.,5,4,2,3.3.1.1.1.3.1,1
151,152,ChooseTrumpSuitDecision,Choose the trump suit.,5,1,1,3.3.1.1.1.4,0
152,153,ChooseTrumpSuitDecisionFrequency,Frequency of Choose Trump Suit Decision move.,5,4,2,3.3.1.1.1.4.1,1
153,154,PassDecision,Decide to pass a turn.,5,1,1,3.3.1.1.1.5,0
154,155,PassDecisionFrequency,Frequency of Pass Decision move.,5,4,2,3.3.1.1.1.5.1,1
155,156,ProposeDecision,Decide to propose.,5,1,1,3.3.1.1.1.6,0
156,157,ProposeDecisionFrequency,Frequency of Propose Decision move.,5,4,2,3.3.1.1.1.6.1,1
157,158,SingleSiteMoves,Moves.,5,1,1,3.3.1.1.2,0
158,159,AddDecision,Decide to add pieces.,5,1,1,3.3.1.1.2.1,0
159,160,AddDecisionFrequency,Frequency of Add Decision move.,5,4,2,3.3.1.1.2.1.1,1
160,161,PromotionDecision,Promote move.,5,1,1,3.3.1.1.2.2,0
161,162,PromotionDecisionFrequency,Frequency of Promotion Decision move.,5,4,2,3.3.1.1.2.2.1,1
162,163,RemoveDecision,Decide to remove pieces.,5,1,1,3.3.1.1.2.3,0
163,164,RemoveDecisionFrequency,Frequency of Remove Decision move.,5,4,2,3.3.1.1.2.3.1,1
164,165,RotationDecision,Rotation move.,5,1,1,3.3.1.1.2.4,0
165,166,RotationDecisionFrequency,Frequency of Rotation Decision move.,5,4,2,3.3.1.1.2.4.1,1
166,167,TwoSitesMoves,Moves.,5,1,1,3.3.1.1.3,0
167,168,StepDecision,Decide to step.,5,1,1,3.3.1.1.3.1,0
168,169,StepDecisionFrequency,Frequency of Step Decision move.,5,4,2,3.3.1.1.3.1.1,1
169,170,StepDecisionToEmpty,Decide to step to an empty site.,5,1,1,3.3.1.1.3.1.2,0
170,171,StepDecisionToEmptyFrequency,Frequency of Step Decision To Empty move.,5,4,2,3.3.1.1.3.1.2.1,1
171,172,StepDecisionToFriend,Decide to step to a friend piece.,5,1,1,3.3.1.1.3.1.3,0
172,173,StepDecisionToFriendFrequency,Frequency of Step Decision To Friend move.,5,4,2,3.3.1.1.3.1.3.1,1
173,174,StepDecisionToEnemy,Decide to step to an enemy piece.,5,1,1,3.3.1.1.3.1.4,0
174,175,StepDecisionToEnemyFrequency,Frequency of Step Decision To Enemy move.,5,4,2,3.3.1.1.3.1.4.1,1
175,176,SlideDecision,Decide to slide.,5,1,1,3.3.1.1.3.2,0
176,177,SlideDecisionFrequency,Frequency of Slide Decision move.,5,4,2,3.3.1.1.3.2.1,1
177,178,SlideDecisionToEmpty,Slide move.,5,1,1,3.3.1.1.3.2.2,0
178,179,SlideDecisionToEmptyFrequency,Frequency of Slide Decision To Empty move.,5,4,2,3.3.1.1.3.2.2.1,1
179,180,SlideDecisionToEnemy,Slide move.,5,1,1,3.3.1.1.3.2.3,0
180,181,SlideDecisionToEnemyFrequency,Frequency of Slide Decision To Enemy move.,5,4,2,3.3.1.1.3.2.3.1,1
181,182,SlideDecisionToFriend,Slide move.,5,1,1,3.3.1.1.3.2.4,0
182,183,SlideDecisionToFriendFrequency,Frequency of Slide Decision To Friend move.,5,4,2,3.3.1.1.3.2.4.1,1
183,184,LeapDecision,Decide to leap.,5,1,1,3.3.1.1.3.3,0
184,185,LeapDecisionFrequency,Frequency of Leap Decision Decision move.,5,4,2,3.3.1.1.3.3.1,1
185,186,LeapDecisionToEmpty,Decide to leap to an empty site.,5,1,1,3.3.1.1.3.3.2,0
186,187,LeapDecisionToEmptyFrequency,Frequency of Leap Decision To Empty move.,5,4,2,3.3.1.1.3.3.2.1,1
187,188,LeapDecisionToFriend,Decide to leap to a friend piece.,5,1,1,3.3.1.1.3.3.3,0
188,189,LeapDecisionToFriendFrequency,Frequency of Leap Decision To Friend move.,5,4,2,3.3.1.1.3.3.3.1,1
189,190,LeapDecisionToEnemy,Decide to leap to an enemy piece.,5,1,1,3.3.1.1.3.3.4,0
190,191,LeapDecisionToEnemyFrequency,Frequency of Leap Decision To Enemy move.,5,4,2,3.3.1.1.3.3.4.1,1
191,192,HopDecision,Decide to hop.,5,1,1,3.3.1.1.3.4,0
192,193,HopDecisionFrequency,Frequency of Hop Decision move.,5,4,2,3.3.1.1.3.4.1,1
193,194,HopDecisionMoreThanOne,Hop more than one site.,5,1,1,3.3.1.1.3.4.2,0
194,195,HopDecisionMoreThanOneFrequency,Frequency of Hop Decision More Than One move.,5,4,2,3.3.1.1.3.4.2.1,1
195,196,HopDecisionEnemyToEmpty,Hop an enemy to an empty site.,5,1,1,3.3.1.1.3.4.3,0
196,197,HopDecisionEnemyToEmptyFrequency,Frequency of Hop Decision Enemy To Empty move.,5,4,2,3.3.1.1.3.4.3.1,1
197,198,HopDecisionFriendToEmpty,Hop a friend to an empty site.,5,1,1,3.3.1.1.3.4.4,0
198,199,HopDecisionFriendToEmptyFrequency,Frequency of Hop DecisionFriend To Empty move.,5,4,2,3.3.1.1.3.4.4.1,1
199,200,HopDecisionEnemyToFriend,Hop an enemy to a friend piece.,5,1,1,3.3.1.1.3.4.5,0
200,201,HopDecisionEnemyToFriendFrequency,Frequency of Hop Decision Enemy To Friend move.,5,4,2,3.3.1.1.3.4.5.1,1
201,202,HopDecisionFriendToFriend,Hop a friend to a friend piece.,5,1,1,3.3.1.1.3.4.6,0
202,203,HopDecisionFriendToFriendFrequency,Frequency of Hop Decision Friend To Friend move.,5,4,2,3.3.1.1.3.4.6.1,1
203,204,HopDecisionEnemyToEnemy,Hop an enemy to a enemy piece.,5,1,1,3.3.1.1.3.4.7,0
204,205,HopDecisionEnemyToEnemyFrequency,Frequency of Hop Decision Enemy To Enemy move.,5,4,2,3.3.1.1.3.4.7.1,1
205,206,HopDecisionFriendToEnemy,Hop a friend to an enemy piece.,5,1,1,3.3.1.1.3.4.8,0
206,207,HopDecisionFriendToEnemyFrequency,Frequency of Hop Decision Friend To Enemy move.,5,4,2,3.3.1.1.3.4.8.1,1
207,208,FromToDecision,Decide to move a piece from a site to another.,5,1,1,3.3.1.1.3.5,0
208,209,FromToDecisionFrequency,Frequency of FromTo Decision move.,5,4,2,3.3.1.1.3.5.1,1
209,210,FromToDecisionWithinBoard,Move a piece from a site to another withing the board.,5,1,1,3.3.1.1.3.5.2,0
210,211,FromToDecisionWithinBoardFrequency,Frequency of FromTo Decision Within Board move.,5,4,2,3.3.1.1.3.5.2.1,1
211,212,FromToDecisionBetweenContainers,Move a piece from a site to another between 2 different containers.,5,1,1,3.3.1.1.3.5.3,0
212,213,FromToDecisionBetweenContainersFrequency,Frequency of FromTo Decision Between Containers move.,5,4,2,3.3.1.1.3.5.3.1,1
213,214,FromToDecisionEmpty,Move a piece to an empty site.,5,1,1,3.3.1.1.3.5.4,0
214,215,FromToDecisionEmptyFrequency,Frequency of FromTo Decision Empty move.,5,4,2,3.3.1.1.3.5.4.1,1
215,216,FromToDecisionEnemy,Move a piece to an enemy site.,5,1,1,3.3.1.1.3.5.5,0
216,217,FromToDecisionEnemyFrequency,Frequency of FromTo Decision Enemy move.,5,4,2,3.3.1.1.3.5.5.1,1
217,218,FromToDecisionFriend,Move a piece to a friend site.,5,1,1,3.3.1.1.3.5.6,0
218,219,FromToDecisionFriendFrequency,Frequency of FromTo Decision Friend move.,5,4,2,3.3.1.1.3.5.6.1,1
219,220,SwapPiecesDecision,Decide to swap pieces.,5,1,1,3.3.1.1.3.6,0
220,221,SwapPiecesDecisionFrequency,Frequency of Swap Pieces Decision move.,5,4,2,3.3.1.1.3.6.1,1
221,222,ShootDecision,Decide to shoot.,5,1,1,3.3.1.1.3.7,0
222,223,ShootDecisionFrequency,Frequency of Shoot Decision move.,5,4,2,3.3.1.1.3.7.1,1
223,224,MovesNonDecision,Moves.,5,1,1,3.3.1.2,0
224,225,MovesEffects,Moves.,5,1,1,3.3.1.2.1,0
225,226,BetEffect,Bet effect.,5,1,1,3.3.1.2.1.1,0
226,227,BetEffectFrequency,Frequency of Bet Effect.,5,1,2,3.3.1.2.1.1.1,1
227,228,VoteEffect,Vote effect.,5,1,1,3.3.1.2.1.2,0
228,229,VoteEffectFrequency,Frequency of Vote Effect.,5,1,2,3.3.1.2.1.2.1,1
229,230,SwapPlayersEffect,Swap players effect.,5,1,1,3.3.1.2.1.3,0
230,231,SwapPlayersEffectFrequency,Frequency of Swap Players Effect.,5,1,2,3.3.1.2.1.3.1,1
231,232,TakeControl,Take control of enemy pieces.,5,1,1,3.3.1.2.1.4,0
232,233,TakeControlFrequency,Frequency of Take Control.,5,4,2,3.3.1.2.1.4.1,1
233,234,PassEffect,Pass a turn.,5,1,1,3.3.1.2.1.5,0
234,235,PassEffectFrequency,Frequency of Pass Effect.,5,1,2,3.3.1.2.1.5.1,1
235,236,Roll,Roll at least a die.,5,1,1,3.3.1.2.1.6,0
236,237,RollFrequency,Frequency of Roll.,5,4,2,3.3.1.2.1.6.1,1
237,238,ProposeEffect,Propose a vote effect.,5,1,1,3.3.1.2.1.7,0
238,239,ProposeEffectFrequency,Frequency of Propose Effect.,5,4,2,3.3.1.2.1.7.1,1
239,240,AddEffect,Add effect.,5,1,1,3.3.1.2.1.8,0
240,241,AddEffectFrequency,Frequency of Add Effect.,5,4,2,3.3.1.2.1.8.1,1
241,242,Sow,Sowing stones.,5,1,1,3.3.1.2.1.9,0
242,243,SowFrequency,Frequency of Sow.,5,4,2,3.3.1.2.1.9.1,1
243,244,SowWithEffect,Sowing moves with effect on final hole.,5,1,1,3.3.1.2.1.9.2,0
244,245,SowCapture,Sowing with capture.,5,1,1,3.3.1.2.1.9.2.1,0
245,246,SowCaptureFrequency,Frequency of Sow Capture move.,5,4,2,3.3.1.2.1.9.2.1.1,1
246,247,SowRemove,Sowing with seeds removed.,5,1,1,3.3.1.2.1.9.2.2,0
247,248,SowRemoveFrequency,Frequency of Sow Remove move.,5,4,2,3.3.1.2.1.9.2.2.1,1
248,249,SowBacktracking,Sowing uses backtracking captures.,5,1,1,3.3.1.2.1.9.2.3,0
249,250,SowBacktrackingFrequency,Frequency of Sow Backtracking move.,5,4,2,3.3.1.2.1.9.2.3.1,1
250,251,SowProperties,Sowing properties.,5,1,1,3.3.1.2.1.9.3,0
251,252,SowSkip,Sowing in skiping some holes.,5,1,1,3.3.1.2.1.9.3.1,1
252,253,SowOriginFirst,Sowing in the origin hole first.,5,1,1,3.3.1.2.1.9.3.2,1
253,254,SowCW,Sowing is performed CW.,5,1,1,3.3.1.2.1.9.3.3,1
254,255,SowCCW,Sowing is performed CCW.,5,1,1,3.3.1.2.1.9.3.4,1
255,256,PromotionEffect,Promote effect.,5,1,1,3.3.1.2.1.10,0
256,257,PromotionEffectFrequency,Frequency of Promote Effect.,5,4,2,3.3.1.2.1.10.1,1
257,258,RemoveEffect,Remove effect.,5,1,1,3.3.1.2.1.11,0
258,259,RemoveEffectFrequency,Frequency of Remove Effect.,5,4,2,3.3.1.2.1.11.1,1
259,260,PushEffect,Push move.,5,1,1,3.3.1.2.1.12,0
260,261,PushEffectFrequency,Frequency of Push Effect.,5,4,2,3.3.1.2.1.12.1,1
261,262,Flip,Flip move.,5,1,1,3.3.1.2.1.13,0
262,263,FlipFrequency,Frequency of Flip Effect.,5,4,2,3.3.1.2.1.13.1,1
263,264,SetMove,Set Moves.,5,1,1,3.3.1.2.1.14,0
264,265,SetNextPlayer,Decide who is the next player.,5,1,1,3.3.1.2.1.14.1,0
265,266,SetNextPlayerFrequency,Frequency of Set Next Player move.,5,4,2,3.3.1.2.1.14.1.1,1
266,267,MoveAgain,Set the next player to the mover.,5,1,1,3.3.1.2.1.14.2,0
267,268,MoveAgainFrequency,Frequency of Move Again move.,5,4,2,3.3.1.2.1.14.2.1,1
268,269,SetValue,Set the value of a piece.,5,1,1,3.3.1.2.1.14.3,0
269,270,SetValueFrequency,Frequency of Set Value move.,5,4,2,3.3.1.2.1.14.3.1,1
270,271,SetCount,Set the count of a piece.,5,1,1,3.3.1.2.1.14.4,0
271,272,SetCountFrequency,Frequency of Set Count move.,5,4,2,3.3.1.2.1.14.4.1,1
272,273,SetCost,Set the cost of a graph element.,5,1,1,3.3.1.2.1.14.5,0
273,274,SetCostFrequency,Frequency of Set Cost move.,5,4,2,3.3.1.2.1.14.5.1,1
274,275,SetPhase,Set the phase of a graph element.,5,1,1,3.3.1.2.1.14.6,0
275,276,SetPhaseFrequency,Frequency of Set Phase move.,5,4,2,3.3.1.2.1.14.6.1,1
276,277,SetTrumpSuit,Set the trump suit.,5,1,1,3.3.1.2.1.14.7,0
277,278,SetTrumpSuitFrequency,Frequency of Set Trump Suit.,5,4,2,3.3.1.2.1.14.7.1,1
278,279,SetRotation,Rotation move.,5,1,1,3.3.1.2.1.14.8,0
279,280,SetRotationFrequency,Frequency of Set Rotation.,5,4,2,3.3.1.2.1.14.8.1,1
280,281,StepEffect,Step effect.,5,1,1,3.3.1.2.1.15,0
281,282,StepEffectFrequency,Frequency of Step Effect.,5,1,2,3.3.1.2.1.15.1,1
282,283,SlideEffect,Slide effect.,5,1,1,3.3.1.2.1.16,0
283,284,SlideEffectFrequency,Frequency of Slide Effect.,5,1,2,3.3.1.2.1.16.1,1
284,285,LeapEffect,Leap effect.,5,1,1,3.3.1.2.1.17,0
285,286,LeapEffectFrequency,Frequency of Leap Effect.,5,1,2,3.3.1.2.1.17.1,1
286,287,HopEffect,Hop effect.,5,1,1,3.3.1.2.1.18,0
287,288,HopEffectFrequency,Frequency of Hop Effect.,5,1,2,3.3.1.2.1.18.1,1
288,289,FromToEffect,Effect to move a piece from a site to another.,5,1,1,3.3.1.2.1.19,0
289,290,FromToEffectFrequency,Frequency of FromTo Effect.,5,1,2,3.3.1.2.1.19.1,1
290,291,SwapPiecesEffect,Swap pieces effect.,5,1,1,3.3.1.2.1.20,0
291,292,SwapPiecesEffectFrequency,Frequency of Swap Pieces Effect.,5,1,2,3.3.1.2.1.20.1,1
292,293,ShootEffect,Shoot effect.,5,1,1,3.3.1.2.1.21,0
293,294,ShootEffectFrequency,Frequency of Shoot Effect.,5,1,2,3.3.1.2.1.21.1,1
294,295,MovesOperators,Moves.,5,1,1,3.3.1.2.2,0
295,296,Priority,Some moves are priority.,5,1,1,3.3.1.2.2.1,1
296,297,ByDieMove,Each die can correspond to a different move.,5,1,1,3.3.1.2.2.2,1
297,298,MaxMovesInTurn,Maximise the number of moves in a turn.,5,1,1,3.3.1.2.2.3,1
298,299,MaxDistance,Maximise the distance to move.,5,1,1,3.3.1.2.2.4,1
299,300,Capture,Game involved captures.,5,1,1,3.3.2,0
300,301,ReplacementCapture,Capture in replacing.,5,1,1,3.3.2.1,0
301,302,ReplacementCaptureFrequency,Frequency of Replacement Capture move.,5,4,2,3.3.2.1.1,1
302,303,HopCapture,Capture in hopping.,5,1,1,3.3.2.2,0
303,304,HopCaptureFrequency,Frequency of Hop Capture move.,5,4,2,3.3.2.2.1,1
304,305,HopCaptureMoreThanOne,Capture in hopping many sites.,5,1,1,3.3.2.3,0
305,306,HopCaptureMoreThanOneFrequency,Frequency of Hop Capture More Than One move.,5,4,2,3.3.2.3.1,1
306,307,DirectionCapture,Capture pieces in a direction.,5,1,1,3.3.2.4,0
307,308,DirectionCaptureFrequency,Frequency of Direction Capture move.,5,4,2,3.3.2.4.1,1
308,309,EncloseCapture,Capture in enclosing.,5,1,1,3.3.2.5,0
309,310,EncloseCaptureFrequency,Frequency of Enclose Capture move.,5,4,2,3.3.2.5.1,1
310,311,CustodialCapture,Capture in custodial.,5,1,1,3.3.2.6,0
311,312,CustodialCaptureFrequency,Frequency of Custodial Capture move.,5,4,2,3.3.2.6.1,1
312,313,InterveneCapture,Intervene capture.,5,1,1,3.3.2.7,0
313,314,InterveneCaptureFrequency,Frequency of Intervene Capture move.,5,4,2,3.3.2.7.1,1
314,315,SurroundCapture,Ccapture in surrounding.,5,1,1,3.3.2.8,0
315,316,SurroundCaptureFrequency,Frequency of Surround Capture move.,5,4,2,3.3.2.8.1,1
316,317,CaptureSequence,Capture pieces in a sequence at the end of the turn.,5,1,1,3.3.2.9,0
317,318,CaptureSequenceFrequency,Frequency of Capture Sequence move.,5,4,2,3.3.2.9.1,1
318,319,MaxCapture,Maximise the number of captures.,5,1,1,3.3.2.10,1
319,320,Conditions,Conditions checked.,5,1,1,3.3.3,0
320,321,SpaceConditions,Space conditions.,5,1,1,3.3.3.1,0
321,322,Line,Line Detection.,5,1,1,3.3.3.1.1,1
322,323,Connection,Connected regions detection.,5,1,1,3.3.3.1.2,1
323,324,Group,Detect a group.,5,1,1,3.3.3.1.3,1
324,325,Contains,Detect if a site is in a region.,5,1,1,3.3.3.1.4,1
325,326,Loop,Loop detection.,5,1,1,3.3.3.1.5,1
326,327,Pattern,Pattern detection.,5,1,1,3.3.3.1.6,1
327,328,PathExtent,Path extent detection.,5,1,1,3.3.3.1.7,1
328,329,Territory,Territory detection.,5,1,1,3.3.3.1.8,1
329,330,Fill,Check region filled by pieces.,5,1,1,3.3.3.1.9,1
330,331,Distance,Check distance between two sites.,5,1,1,3.3.3.1.10,1
331,332,MoveConditions,Move conditions.,5,1,1,3.3.3.2,0
332,333,NoMoves,Detect no legal moves.,5,1,1,3.3.3.2.1,0
333,334,NoMovesMover,Detect no legal moves for the mover.,5,1,1,3.3.3.2.1.1,1
334,335,NoMovesNext,Detect no legal moves for the next player.,5,1,1,3.3.3.2.1.2,1
335,336,CanMove,Check if a piece (or more) can make specific move(s).,5,1,1,3.3.3.2.2,1
336,337,CanNotMove,Check if a piece (or more) can not make specific move(s).,5,1,1,3.3.3.2.3,1
337,338,PieceConditions,Piece conditions.,5,1,1,3.3.3.3,0
338,339,NoPiece,No piece detection.,5,1,1,3.3.3.3.1,0
339,340,NoPieceMover,No piece detection for the pieces of the mover.,5,1,1,3.3.3.3.1.1,1
340,341,NoPieceNext,No piece detection for the pieces of the next player.,5,1,1,3.3.3.3.1.2,1
341,342,NoTargetPiece,No target piece detection.,5,1,1,3.3.3.3.2,1
342,343,Threat,Piece under threat detection.,5,1,1,3.3.3.3.3,1
343,344,IsEmpty,Empty site detection.,5,1,1,3.3.3.3.4,1
344,345,IsEnemy,Occupied site by enemy detection.,5,1,1,3.3.3.3.5,1
345,346,IsFriend,Occupied site by friend detection.,5,1,1,3.3.3.3.6,1
346,347,LineOfSight,Line of sight of pieces used.,5,1,1,3.3.3.3.7,1
347,348,CountPiecesComparison,The number of pieces is compared.,5,1,1,3.3.3.3.8,0
348,349,CountPiecesMoverComparison,The number of pieces of the mover is compared.,5,1,1,3.3.3.3.8.1,1
349,350,CountPiecesNextComparison,The number of pieces of the next player is compared.,5,1,1,3.3.3.3.8.2,1
350,351,ProgressCheck,Progress condition.,5,1,1,3.3.3.4,1
351,352,Directions,Directions used.,5,1,1,3.3.4,0
352,353,AbsoluteDirections,Absolute directions used.,5,1,1,3.3.4.1,0
353,354,AllDirections,All directions used.,5,1,1,3.3.4.1.1,1
354,355,AdjacentDirection,Adjacent directions used.,5,1,1,3.3.4.1.2,1
355,356,OrthogonalDirection,Orthogonal directions used.,5,1,1,3.3.4.1.3,1
356,357,DiagonalDirection,Diagonal directions used.,5,1,1,3.3.4.1.4,1
357,358,OffDiagonalDirection,Off diagonal directions used.,5,1,1,3.3.4.1.5,1
358,359,RotationalDirection,Rotational directions used.,5,1,1,3.3.4.1.6,1
359,360,SameLayerDirection,Same layer directions used.,5,1,1,3.3.4.1.7,1
360,361,RelativeDirections,Directions used.,5,1,1,3.3.4.2,0
361,362,ForwardDirection,Forward direction used.,5,1,1,3.3.4.2.1,1
362,363,BackwardDirection,Backward direction used.,5,1,1,3.3.4.2.2,1
363,364,ForwardsDirection,Forwards direction used.,5,1,1,3.3.4.2.3,1
364,365,BackwardsDirection,Backwards direction used.,5,1,1,3.3.4.2.4,1
365,366,RightwardDirection,Rightward direction used.,5,1,1,3.3.4.2.5,1
366,367,LeftwardDirection,Leftward direction used.,5,1,1,3.3.4.2.6,1
367,368,RightwardsDirection,Rightwards direction used.,5,1,1,3.3.4.2.7,1
368,369,LeftwardsDirection,Leftwards direction used.,5,1,1,3.3.4.2.8,1
369,370,ForwardLeftDirection,Forward left direction used.,5,1,1,3.3.4.2.9,1
370,371,ForwardRightDirection,Forward right direction used.,5,1,1,3.3.4.2.10,1
371,372,BackwardLeftDirection,Backward left direction used.,5,1,1,3.3.4.2.11,1
372,373,BackwardRightDirection,Use backward right direction.,5,1,1,3.3.4.2.12,1
373,374,SameDirection,Same direction of the previous move used.,5,1,1,3.3.4.2.13,1
374,375,OppositeDirection,Opposite direction of the previous move used.,5,1,1,3.3.4.2.14,1
375,376,Information,Information.,5,1,1,3.3.5,0
376,377,HidePieceType,Hide piece type.,5,1,1,3.3.5.1,1
377,378,HidePieceOwner,Hide piece owner.,5,1,1,3.3.5.2,1
378,379,HidePieceCount,Hide number of pieces.,5,1,1,3.3.5.3,1
379,380,HidePieceRotation,Hide piece rotation.,5,1,1,3.3.5.4,1
380,381,HidePieceValue,Hide piece value.,5,1,1,3.3.5.5,1
381,382,HidePieceState,Hide the site state.,5,1,1,3.3.5.6,1
382,383,InvisiblePiece,Piece can be invisible.,5,1,1,3.3.5.7,1
383,384,Phase,Phases of play.,5,1,1,3.3.6,0
384,385,NumPlayPhase,Number of play phases.,5,2,1,3.3.6.1,1
385,386,Scoring,Involve scores.,5,1,1,3.3.7,1
386,387,PieceCount,Many pieces of the same type on a site.,5,1,1,3.3.8,1
387,388,SumDice,Use sum of all dice.,5,1,1,3.3.9,1
388,389,End,Rules for ending the game.,6,1,1,3.4,0
389,390,SpaceEnd,Space ending rules.,6,1,1,3.4.1,0
390,391,LineEnd,End in making a line.,6,1,1,3.4.1.1,0
391,392,LineEndFrequency,Frequency of Line End.,5,4,2,3.4.1.1.1,1
392,393,LineWin,Win in making a line.,6,1,1,3.4.1.1.2,0
393,394,LineWinFrequency,Frequency of Line Win.,5,4,2,3.4.1.1.2.1,1
394,395,LineLoss,Loss in making a line.,6,1,1,3.4.1.1.3,0
395,396,LineLossFrequency,Frequency of Line Loss.,5,4,2,3.4.1.1.3.1,1
396,397,LineDraw,Draw in making a line.,6,1,1,3.4.1.1.4,0
397,398,LineDrawFrequency,Frequency of Line Draw.,5,4,2,3.4.1.1.4.1,1
398,399,ConnectionEnd,End if connected regions.,6,1,1,3.4.1.2,0
399,400,ConnectionEndFrequency,Frequency of Connection End.,5,4,2,3.4.1.2.1,1
400,401,ConnectionWin,Win in connecting regions.,6,1,1,3.4.1.2.2,0
401,402,ConnectionWinFrequency,Frequency of Connection Win.,5,4,2,3.4.1.2.2.1,1
402,403,ConnectionLoss,Loss in connecting regions.,6,1,1,3.4.1.2.3,0
403,404,ConnectionLossFrequency,Frequency of Connection Loss.,5,4,2,3.4.1.2.3.1,1
404,405,ConnectionDraw,Draw in connecting regions.,6,1,1,3.4.1.2.4,0
405,406,ConnectionDrawFrequency,Frequency of Connection Draw.,5,4,2,3.4.1.2.4.1,1
406,407,GroupEnd,End in making a group.,6,1,1,3.4.1.3,0
407,408,GroupEndFrequency,Frequency of Group End.,5,4,2,3.4.1.3.1,1
408,409,GroupWin,Win in making a group.,6,1,1,3.4.1.3.2,0
409,410,GroupWinFrequency,Frequency of Group Win.,5,4,2,3.4.1.3.2.1,1
410,411,GroupLoss,Loss in making a group.,6,1,1,3.4.1.3.3,0
411,412,GroupLossFrequency,Frequency of Group Loss.,5,4,2,3.4.1.3.3.1,1
412,413,GroupDraw,Draw in making a group.,6,1,1,3.4.1.3.4,0
413,414,GroupDrawFrequency,Frequency of Group Draw.,5,4,2,3.4.1.3.4.1,1
414,415,LoopEnd,End in making a loop.,6,1,1,3.4.1.4,0
415,416,LoopEndFrequency,Frequency of Loop End.,5,4,2,3.4.1.4.1,1
416,417,LoopWin,Win in making a loop.,6,1,1,3.4.1.4.2,0
417,418,LoopWinFrequency,Frequency of Loop Win.,5,4,2,3.4.1.4.2.1,1
418,419,LoopLoss,Loss in making a loop.,6,1,1,3.4.1.4.3,0
419,420,LoopLossFrequency,Frequency of Loop Loss.,5,4,2,3.4.1.4.3.1,1
420,421,LoopDraw,Draw in making a loop.,6,1,1,3.4.1.4.4,0
421,422,LoopDrawFrequency,Frequency of Loop Draw.,5,4,2,3.4.1.4.4.1,1
422,423,PatternEnd,End in making a pattern.,6,1,1,3.4.1.5,0
423,424,PatternEndFrequency,Frequency of Pattern End.,5,4,2,3.4.1.5.1,1
424,425,PatternWin,Win in making a pattern.,6,1,1,3.4.1.5.2,0
425,426,PatternWinFrequency,Frequency of Pattern Win.,5,4,2,3.4.1.5.2.1,1
426,427,PatternLoss,Loss in making a pattern.,6,1,1,3.4.1.5.3,0
427,428,PatternLossFrequency,Frequency of Pattern Loss.,5,4,2,3.4.1.5.3.1,1
428,429,PatternDraw,Draw in making a Pattern.,6,1,1,3.4.1.5.4,0
429,430,PatternDrawFrequency,Frequency of Pattern Draw.,5,4,2,3.4.1.5.4.1,1
430,431,PathExtentEnd,End with a path extent.,6,1,1,3.4.1.6,0
431,432,PathExtentEndFrequency,Frequency of Path Extent End.,5,4,2,3.4.1.6.1,1
432,433,PathExtentWin,Win with a path extent.,6,1,1,3.4.1.6.2,0
433,434,PathExtentWinFrequency,Frequency of PathExtent Win.,5,4,2,3.4.1.6.2.1,1
434,435,PathExtentLoss,Loss with a path extent.,6,1,1,3.4.1.6.3,0
435,436,PathExtentLossFrequency,Frequency of PathExtent Loss.,5,4,2,3.4.1.6.3.1,1
436,437,PathExtentDraw,Draw with a path extent.,6,1,1,3.4.1.6.4,0
437,438,PathExtentDrawFrequency,Frequency of PathExtent Draw.,5,4,2,3.4.1.6.4.1,1
438,439,TerritoryEnd,End related to a territory.,6,1,1,3.4.1.7,0
439,440,TerritoryEndFrequency,Frequency of Territory End.,5,4,2,3.4.1.7.1,1
440,441,TerritoryWin,Win related to a territory.,6,1,1,3.4.1.7.2,0
441,442,TerritoryWinFrequency,Frequency of Territory Win.,5,4,2,3.4.1.7.2.1,1
442,443,TerritoryLoss,Loss related to a territory.,6,1,1,3.4.1.7.3,0
443,444,TerritoryLossFrequency,Frequency of Territory Loss.,5,4,2,3.4.1.7.3.1,1
444,445,TerritoryDraw,Draw related to a territory.,6,1,1,3.4.1.7.4,0
445,446,TerritoryDrawFrequency,Frequency of Territory Draw.,5,4,2,3.4.1.7.4.1,1
446,447,CaptureEnd,Capture ending rules.,6,1,1,3.4.2,0
447,448,Checkmate,End if checkmate.,6,1,1,3.4.2.1,0
448,449,CheckmateFrequency,Frequency of Checkmate.,5,4,2,3.4.2.1.1,1
449,450,CheckmateWin,Win if checkmate.,6,1,1,3.4.2.1.2,0
450,451,CheckmateWinFrequency,Frequency of Checkmate Win.,5,4,2,3.4.2.1.2.1,1
451,452,CheckmateLoss,Loss if checkmate.,6,1,1,3.4.2.1.3,0
452,453,CheckmateLossFrequency,Frequency of Checkmate Loss.,5,4,2,3.4.2.1.3.1,1
453,454,CheckmateDraw,Draw if checkmate.,6,1,1,3.4.2.1.4,0
454,455,CheckmateDrawFrequency,Frequency of Checkmate Draw.,5,4,2,3.4.2.1.4.1,1
455,456,NoTargetPieceEnd,End if a target piece is removed.,6,1,1,3.4.2.2,0
456,457,NoTargetPieceEndFrequency,Frequency of No Target Piece End.,5,4,2,3.4.2.2.1,1
457,458,NoTargetPieceWin,Win if a target piece is removed.,6,1,1,3.4.2.2.2,0
458,459,NoTargetPieceWinFrequency,Frequency of No Target Piece Win.,5,4,2,3.4.2.2.2.1,1
459,460,NoTargetPieceLoss,Loss if a target piece is removed.,6,1,1,3.4.2.2.3,0
460,461,NoTargetPieceLossFrequency,Frequency of No Target Piece Loss.,5,4,2,3.4.2.2.3.1,1
461,462,NoTargetPieceDraw,Draw if a target piece is removed.,6,1,1,3.4.2.2.4,0
462,463,NoTargetPieceDrawFrequency,Frequency of No Target Piece Draw.,5,4,2,3.4.2.2.4.1,1
463,464,EliminatePiecesEnd,End if all enemy pieces are removed.,6,1,1,3.4.2.3,0
464,465,EliminatePiecesEndFrequency,Frequency of Eliminate All Pieces End.,5,4,2,3.4.2.3.1,1
465,466,EliminatePiecesWin,Win if all enemy pieces are removed.,6,1,1,3.4.2.3.2,0
466,467,EliminatePiecesWinFrequency,Frequency of Eliminate Pieces Win.,5,4,2,3.4.2.3.2.1,1
467,468,EliminatePiecesLoss,Loss if all enemy pieces are removed.,6,1,1,3.4.2.3.3,0
468,469,EliminatePiecesLossFrequency,Frequency of Eliminate Pieces Loss.,5,4,2,3.4.2.3.3.1,1
469,470,EliminatePiecesDraw,Draw if a target piece is removed.,6,1,1,3.4.2.3.4,0
470,471,EliminatePiecesDrawFrequency,Frequency of Eliminate Pieces Draw.,5,4,2,3.4.2.3.4.1,1
471,472,RaceEnd,Race ending rules.,6,1,1,3.4.3,0
472,473,NoOwnPiecesEnd,End if all own pieces removed (escape games).,6,1,1,3.4.3.1,0
473,474,NoOwnPiecesEndFrequency,Frequency of No Own Pieces End.,5,4,2,3.4.3.1.1,1
474,475,NoOwnPiecesWin,Win if all own pieces removed.,6,1,1,3.4.3.1.2,0
475,476,NoOwnPiecesWinFrequency,Frequency of No Own Pieces Win.,5,4,2,3.4.3.1.2.1,1
476,477,NoOwnPiecesLoss,Loss if all own pieces are removed.,6,1,1,3.4.3.1.3,0
477,478,NoOwnPiecesLossFrequency,Frequency of No Own Pieces Loss.,5,4,2,3.4.3.1.3.1,1
478,479,NoOwnPiecesDraw,Draw if all own pieces are removed.,6,1,1,3.4.3.1.4,0
479,480,NoOwnPiecesDrawFrequency,Frequency of No Own Pieces Draw.,5,4,2,3.4.3.1.4.1,1
480,481,FillEnd,End in filling a region.,6,1,1,3.4.3.2,0
481,482,FillEndFrequency,Frequency of Fill End.,5,4,2,3.4.3.2.1,1
482,483,FillWin,Win in filling a region.,6,1,1,3.4.3.2.2,0
483,484,FillWinFrequency,Frequency of Fill Win.,5,4,2,3.4.3.2.2.1,1
484,485,FillLoss,Loss in filling a region.,6,1,1,3.4.3.2.3,0
485,486,FillLossFrequency,Frequency of Fill Loss.,5,4,2,3.4.3.2.3.1,1
486,487,FillDraw,Draw in filling a region.,6,1,1,3.4.3.2.4,0
487,488,FillDrawFrequency,Frequency of Fill Draw.,5,4,2,3.4.3.2.4.1,1
488,489,ReachEnd,End in reaching a region.,6,1,1,3.4.3.3,0
489,490,ReachEndFrequency,Frequency of Reach End.,5,4,2,3.4.3.3.1,1
490,491,ReachWin,Win in reaching a region.,6,1,1,3.4.3.3.2,0
491,492,ReachWinFrequency,Frequency of Reach Win.,5,4,2,3.4.3.3.2.1,1
492,493,ReachLoss,Loss in reaching a region.,6,1,1,3.4.3.3.3,0
493,494,ReachLossFrequency,Frequency of Reach Loss.,5,4,2,3.4.3.3.3.1,1
494,495,ReachDraw,Draw in reaching a region.,6,1,1,3.4.3.3.4,0
495,496,ReachDrawFrequency,Frequency of Reach Draw.,5,4,2,3.4.3.3.4.1,1
496,497,ScoringEnd,End in comparing scores.,6,1,1,3.4.4,0
497,498,ScoringEndFrequency,Frequency of Scoring End.,5,4,2,3.4.4.1,1
498,499,ScoringWin,Win in comparing score.,6,1,1,3.4.4.2,0
499,500,ScoringWinFrequency,Frequency of Score Win.,5,4,2,3.4.4.2.1,1
500,501,ScoringLoss,Loss in comparing score.,6,1,1,3.4.4.3,0
501,502,ScoringLossFrequency,Frequency of Score Loss.,5,4,2,3.4.4.3.1,1
502,503,ScoringDraw,Draw in comparing score.,6,1,1,3.4.4.4,0
503,504,ScoringDrawFrequency,Frequency of Reach Draw.,5,4,2,3.4.4.4.1,1
504,505,NoMovesEnd,End if no legal moves (stalemate).,6,1,1,3.4.5,0
505,506,NoMovesEndFrequency,Frequency of No Moves End.,5,4,2,3.4.5.1,1
506,507,NoMovesWin,Win if no legal moves.,6,1,1,3.4.5.2,0
507,508,NoMovesWinFrequency,Frequency of No Moves Win.,5,4,2,3.4.5.2.1,1
508,509,NoMovesLoss,Loss if no legal moves.,6,1,1,3.4.5.3,0
509,510,NoMovesLossFrequency,Frequency of No Moves Loss.,5,4,2,3.4.5.3.1,1
510,511,NoMovesDraw,Draw if no legal moves.,6,1,1,3.4.5.4,0
511,512,NoMovesDrawFrequency,Frequency of No Moves Draw.,5,4,2,3.4.5.4.1,1
512,513,NoProgressEnd,The game does not progress to an end (e.g. 50 moves rule in Chess).,6,1,1,3.4.6,0
513,514,NoProgressEndFrequency,Frequency of No Progress End.,5,4,2,3.4.6.1,1
514,515,NoProgressWin,Win if no progress to an end.,6,1,1,3.4.6.2,0
515,516,NoProgressWinFrequency,Frequency of No Progress Win.,5,4,2,3.4.6.2.1,1
516,517,NoProgressLoss,Loss if no progress to an end.,6,1,1,3.4.6.3,0
517,518,NoProgressLossFrequency,Frequency of No Progress Loss.,5,4,2,3.4.6.3.1,1
518,519,NoProgressDraw,Draw if no progress to an end.,6,1,1,3.4.6.4,0
519,520,NoProgressDrawFrequency,Frequency of No Progress Draw.,5,4,2,3.4.6.4.1,1
520,521,Draw,The game can ends in a draw.,6,1,1,3.4.7,0
521,522,DrawFrequency,Frequency of Draw.,5,4,2,3.4.7.1,1
522,523,Misere,A two-players game can ends with the mover losing or the next player winning.,6,1,1,3.4.8,1
523,524,Behaviour,Behaviour.,7,1,2,4,0
524,525,StateRepetition,State repetition.,7,1,2,4.1,0
525,526,PositionalRepetition,Average number of repeated positional states.,7,4,2,4.1.1,1
526,527,SituationalRepetition,Average number of repeated situational states.,7,4,2,4.1.2,1
527,528,Duration,Game duration.,7,1,2,4.2,0
528,529,DurationActions,Number of actions in a game.,7,4,2,4.2.1,1
529,530,DurationMoves,Number of moves in a game.,7,4,2,4.2.2,1
530,531,DurationTurns,Number of turns in a game.,7,4,2,4.2.3,1
531,532,Complexity,Game complexity.,7,1,2,4.3,0
532,533,DecisionMoves,Percentage of moves where there was more than one possible move.,7,4,2,4.3.1,1
533,534,GameTreeComplexity,Game Tree Complexity Estimate.,7,4,2,4.3.2,1
534,535,StateTreeComplexity,State Space Complexity Upper Bound.,7,4,2,4.3.3,1
535,536,BoardCoverage,Board Coverage.,7,1,2,4.4,0
536,537,BoardCoverageDefault,Percentage of default board sites which a piece was placed on at some point.,7,4,2,4.4.1,1
537,538,BoardCoverageFull,Percentage of all board sites which a piece was placed on at some point.,7,4,2,4.4.2,1
538,539,BoardCoverageUsed,Percentage of used board sites which a piece was placed on at some point.,7,4,2,4.4.3,1
539,540,GameOutcome,Game Outcome.,7,1,2,4.5,0
540,541,AdvantageP1,Percentage of games where player 1 won.,7,4,2,4.5.1,1
541,542,Balance,Similarity between player win rates.,7,4,2,4.5.2,1
542,543,Completion,Percentage of games which have a winner (not drawor timeout).,7,4,2,4.5.3,1
543,544,Drawishness,Percentage of games which end in a draw.,7,4,2,4.5.4,1
544,545,Timeouts,Percentage of games which end via timeout.,7,4,2,4.5.5,1
545,546,StateEvaluation,State Evaluation.,7,1,2,4.6,0
546,547,Clarity,Clarity.,7,1,2,4.6.1,0
547,548,Narrowness,Narrowness.,7,4,2,4.6.1.1,1
548,549,Variance,Variance.,7,4,2,4.6.1.2,1
549,550,Decisiveness,Decisiveness.,7,1,2,4.6.2,0
550,551,DecisivenessMoves,Decisiveness Moves.,7,4,2,4.6.2.1,1
551,552,DecisivenessThreshold,Decisiveness Threshold.,7,4,2,4.6.2.2,1
552,553,LeadChange,LeadChange.,7,4,2,4.6.3,1
553,554,Stability,Stability.,7,4,2,4.6.4,1
554,555,Drama,Drama.,7,1,2,4.6.5,0
555,556,DramaAverage,Drama Average.,7,4,2,4.6.5.1,1
556,557,DramaMedian,Drama Median.,7,4,2,4.6.5.2,1
557,558,DramaMaximum,Drama Maximum.,7,4,2,4.6.5.3,1
558,559,DramaMinimum,Drama Minimum.,7,4,2,4.6.5.4,1
559,560,DramaVariance,Drama Variance.,7,4,2,4.6.5.5,1
560,561,DramaChangeAverage,Drama Change Average.,7,4,2,4.6.5.6,1
561,562,DramaChangeSign,Drama Change Sign.,7,4,2,4.6.5.7,1
562,563,DramaChangeLineBestFit,Drama Change Line Best Fit.,7,4,2,4.6.5.8,1
563,564,DramaChangeNumTimes,Drama Change Num Times.,7,4,2,4.6.5.9,1
564,565,DramaMaxIncrease,Drama Max Increase.,7,4,2,4.6.5.10,1
565,566,DramaMaxDecrease,Drama Max Decrease.,7,4,2,4.6.5.11,1
566,567,MoveEvaluation,Drama.,7,1,2,4.6.6,0
567,568,MoveEvaluationAverage,Move Evaluation Average.,7,4,2,4.6.6.1,1
568,569,MoveEvaluationMedian,Move Evaluation Median.,7,4,2,4.6.6.2,1
569,570,MoveEvaluationMaximum,Move Evaluation Maximum.,7,4,2,4.6.6.3,1
570,571,MoveEvaluationMinimum,Move Evaluation Minimum.,7,4,2,4.6.6.4,1
571,572,MoveEvaluationVariance,Move Evaluation Variance.,7,4,2,4.6.6.5,1
572,573,MoveEvaluationChangeAverage,Move Evaluation Change Average.,7,4,2,4.6.6.6,1
573,574,MoveEvaluationChangeSign,Move Evaluation Change Sign.,7,4,2,4.6.6.7,1
574,575,MoveEvaluationChangeLineBestFit,Move Evaluation Change Line Best Fit.,7,4,2,4.6.6.8,1
575,576,MoveEvaluationChangeNumTimes,Move Evaluation Change Num Times.,7,4,2,4.6.6.9,1
576,577,MoveEvaluationMaxIncrease,Move Evaluation Max Increase.,7,4,2,4.6.6.10,1
577,578,MoveEvaluationMaxDecrease,Move Evaluation Max Decrease.,7,4,2,4.6.6.11,1
578,579,StateEvaluationDifference,Drama.,7,1,2,4.6.7,0
579,580,StateEvaluationDifferenceAverage,State Evaluation Difference Average.,7,4,2,4.6.7.1,1
580,581,StateEvaluationDifferenceMedian,State Evaluation Difference Median.,7,4,2,4.6.7.2,1
581,582,StateEvaluationDifferenceMaximum,State Evaluation Difference Maximum.,7,4,2,4.6.7.3,1
582,583,StateEvaluationDifferenceMinimum,State Evaluation Difference Minimum.,7,4,2,4.6.7.4,1
583,584,StateEvaluationDifferenceVariance,State Evaluation Difference Variance.,7,4,2,4.6.7.5,1
584,585,StateEvaluationDifferenceChangeAverage,State Evaluation Difference Change Average.,7,4,2,4.6.7.6,1
585,586,StateEvaluationDifferenceChangeSign,State Evaluation Difference Change Sign.,7,4,2,4.6.7.7,1
586,587,StateEvaluationDifferenceChangeLineBestFit,State Evaluation Difference Change Line Best Fit.,7,4,2,4.6.7.8,1
587,588,StateEvaluationDifferenceChangeNumTimes,State Evaluation Difference Change Num Times.,7,4,2,4.6.7.9,1
588,589,StateEvaluationDifferenceMaxIncrease,State Evaluation Difference Max Increase.,7,4,2,4.6.7.10,1
589,590,StateEvaluationDifferenceMaxDecrease,State Evaluation Difference Max Decrease.,7,4,2,4.6.7.11,1
590,591,BoardSitesOccupied,Board sites occupied.,7,1,2,4.7,0
591,592,BoardSitesOccupiedAverage,Average percentage of board sites which have a piece on it in any given turn.,7,4,2,4.7.1,1
592,593,BoardSitesOccupiedMedian,Median percentage of board sites which have a piece on it in any given turn.,7,4,2,4.7.2,1
593,594,BoardSitesOccupiedMaximum,Maximum percentage of board sites which have a piece on it in any given turn.,7,4,2,4.7.3,1
594,595,BoardSitesOccupiedMinimum,Minimum percentage of board sites which have a piece on it in any given turn.,7,4,2,4.7.4,1
595,596,BoardSitesOccupiedVariance,Variance in percentage of board sites which have a piece on it in any given turn.,7,4,2,4.7.5,1
596,597,BoardSitesOccupiedChangeAverage,Change in percentage of board sites which have a piece on it in any given turn.,7,4,2,4.7.6,1
597,598,BoardSitesOccupiedChangeSign,Sign Change of board sites which have a piece on it in any given turn.,7,4,2,4.7.7,1
598,599,BoardSitesOccupiedChangeLineBestFit,Line Best Fit Change of board sites which have a piece on it in any given turn.,7,4,2,4.7.8,1
599,600,BoardSitesOccupiedChangeNumTimes,Number of times the change of board sites which have a piece on it in any given turn.,7,4,2,4.7.9,1
600,601,BoardSitesOccupiedMaxIncrease,Max Increase of board sites which have a piece on it in any given turn.,7,4,2,4.7.10,1
601,602,BoardSitesOccupiedMaxDecrease,Max Decrease of board sites which have a piece on it in any given turn.,7,4,2,4.7.11,1
602,603,BranchingFactor,Branching factor.,7,1,2,4.8,0
603,604,BranchingFactorAverage,Average number of possible moves.,7,4,2,4.8.1,1
604,605,BranchingFactorMedian,Median number of possible moves.,7,4,2,4.8.2,1
605,606,BranchingFactorMaximum,Maximum number of possible moves.,7,4,2,4.8.3,1
606,607,BranchingFactorMinimum,Minimum number of possible moves.,7,4,2,4.8.4,1
607,608,BranchingFactorVariance,Variance in number of possible moves.,7,4,2,4.8.5,1
608,609,BranchingFactorChangeAverage,Change in percentage of possible moves.,7,4,2,4.8.6,1
609,610,BranchingFactorChangeSign,Change sign of possible moves.,7,4,2,4.8.7,1
610,611,BranchingFactorChangeLineBestFit,Change line best fit of possible moves.,7,4,2,4.8.8,1
611,612,BranchingFactorChangeNumTimesn,Change num times of possible moves.,7,4,2,4.8.9,1
612,613,BranchingFactorChangeMaxIncrease,Change max increase of possible moves.,7,4,2,4.8.10,1
613,614,BranchingFactorChangeMaxDecrease,Change max decrease of possible moves.,7,4,2,4.8.11,1
614,615,DecisionFactor,Decision factor.,7,1,2,4.9,0
615,616,DecisionFactorAverage,Average number of possible moves when the number of possible moves is greater than 1.,7,4,2,4.9.1,1
616,617,DecisionFactorMedian,Median number of possible moves when the number of possible moves is greater than 1.,7,4,2,4.9.2,1
617,618,DecisionFactorMaximum,Maximum number of possible moves when the number of possible moves is greater than 1.,7,4,2,4.9.3,1
618,619,DecisionFactorMinimum,Minimum number of possible moves when the number of possible moves is greater than 1.,7,4,2,4.9.4,1
619,620,DecisionFactorVariance,Variance in number of possible moves when the number of possible moves is greater than 1.,7,4,2,4.9.5,1
620,621,DecisionFactorChangeAverage,Change in percentage of possible moves when the number of possible moves is greater than 1.,7,4,2,4.9.6,1
621,622,DecisionFactorChangeSign,Change sign of possible moves when the number of possible moves is greater than 1.,7,4,2,4.9.7,1
622,623,DecisionFactorChangeLineBestFit,Change line best fit of possible moves when the number of possible moves is greater than 1.,7,4,2,4.9.8,1
623,624,DecisionFactorChangeNumTimes,Change num times of possible moves when the number of possible moves is greater than 1.,7,4,2,4.9.9,1
624,625,DecisionFactorMaxIncrease,Max increase of possible moves when the number of possible moves is greater than 1.,7,4,2,4.9.10,1
625,626,DecisionFactorMaxDecrease,Max Decrease of possible moves when the number of possible moves is greater than 1.,7,4,2,4.9.11,1
626,627,MoveDistance,Move distance.,7,1,2,4.10,0
627,628,MoveDistanceAverage,Average distance traveled by pieces when they move around the board.,7,4,2,4.10.1,1
628,629,MoveDistanceMedian,Median distance traveled by pieces when they move around the board.,7,4,2,4.10.2,1
629,630,MoveDistanceMaximum,Maximum distance traveled by pieces when they move around the board.,7,4,2,4.10.3,1
630,631,MoveDistanceMinimum,Minimum distance traveled by pieces when they move around the board.,7,4,2,4.10.4,1
631,632,MoveDistanceVariance,Variance in distance traveled by pieces when they move around the board.,7,4,2,4.10.5,1
632,633,MoveDistanceChangeAverage,Change average in distance traveled by pieces when they move around the board.,7,4,2,4.10.6,1
633,634,MoveDistanceChangeSign,Change sign in distance traveled by pieces when they move around the board.,7,4,2,4.10.7,1
634,635,MoveDistanceChangeLineBestFit,Change line best fit in distance traveled by pieces when they move around the board.,7,4,2,4.10.8,1
635,636,MoveDistanceChangeNumTimes,Change num times in distance traveled by pieces when they move around the board.,7,4,2,4.10.9,1
636,637,MoveDistanceMaxIncrease,Max increase in distance traveled by pieces when they move around the board.,7,4,2,4.10.10,1
637,638,MoveDistanceMaxDecrease,Max decrease in distance traveled by pieces when they move around the board.,7,4,2,4.10.11,1
638,639,PieceNumber,Piece number.,7,1,2,4.11,0
639,640,PieceNumberAverage,Average number of pieces on the board.,7,4,2,4.11.1,1
640,641,PieceNumberMedian,Median number of pieces on the board.,7,4,2,4.11.2,1
641,642,PieceNumberMaximum,Maximum number of pieces on the board.,7,4,2,4.11.3,1
642,643,PieceNumberMinimum,Minimum number of pieces on the board.,7,4,2,4.11.4,1
643,644,PieceNumberVariance,Variance in number of pieces on the board.,7,4,2,4.11.5,1
644,645,PieceNumberChangeAverage,Change in percentage of pieces on the board.,7,4,2,4.11.6,1
645,646,PieceNumberChangeSign,Change in sign of pieces on the board.,7,4,2,4.11.7,1
646,647,PieceNumberChangeLineBestFit,Change line best fit of pieces on the board.,7,4,2,4.11.8,1
647,648,PieceNumberChangeNumTimes,Change in number of pieces on the board.,7,4,2,4.11.9,1
648,649,PieceNumberMaxIncrease,Max increase of pieces on the board.,7,4,2,4.11.10,1
649,650,PieceNumberMaxDecrease,Max decrease of pieces on the board.,7,4,2,4.11.11,1
650,651,ScoreDifference,Score Difference.,7,1,2,4.12,0
651,652,ScoreDifferenceAverage,Average difference in player scores.,7,4,2,4.12.1,1
652,653,ScoreDifferenceMedian,Median difference in player scores.,7,4,2,4.12.2,1
653,654,ScoreDifferenceMaximum,Maximum difference in player scores.,7,4,2,4.12.3,1
654,655,ScoreDifferenceMinimum,Minimum difference in player scores.,7,4,2,4.12.4,1
655,656,ScoreDifferenceVariance,Variance in difference in player scores.,7,4,2,4.12.5,1
656,657,ScoreDifferenceChangeAverage,Change average in difference in player scores.,7,4,2,4.12.6,1
657,658,ScoreDifferenceChangeSign,Change sign in difference in player scores.,7,4,2,4.12.7,1
658,659,ScoreDifferenceChangeLineBestFit,Change line best fit in difference in player scores.,7,4,2,4.12.8,1
659,660,ScoreDifferenceChangeNumTimes,Change number times in difference in player scores.,7,4,2,4.12.9,1
660,661,ScoreDifferenceMaxIncrease,Max increase in difference in player scores.,7,4,2,4.12.10,1
661,662,ScoreDifferenceMaxDecrease,Max decrease in difference in player scores.,7,4,2,4.12.11,1
662,663,Math,Mathematics.,10,1,1,5,0
663,664,Arithmetic,Arithmetic.,10,1,1,5.1,0
664,665,Operations,Operations.,10,1,1,5.1.1,0
665,666,Addition,Addition operation.,10,1,1,5.1.1.1,1
666,667,Subtraction,Subtraction operation.,10,1,1,5.1.1.2,1
667,668,Multiplication,Multiplication operation.,10,1,1,5.1.1.3,1
668,669,Division,Division operation.,10,1,1,5.1.1.4,1
669,670,Modulo,Modulo operation.,10,1,1,5.1.1.5,1
670,671,Absolute,Absolute operation.,10,1,1,5.1.1.6,1
671,672,Roots,Root operation.,10,1,1,5.1.1.7,1
672,673,Cosine,Cosine operation.,10,1,1,5.1.1.8,1
673,674,Sine,Sine operation.,10,1,1,5.1.1.9,1
674,675,Tangent,Tangent operation.,10,1,1,5.1.1.10,1
675,676,Exponentiation,Exponentiation operation.,10,1,1,5.1.1.11,1
676,677,Exponential,Exponential operation.,10,1,1,5.1.1.12,1
677,678,Logarithm,Logarithm operation.,10,1,1,5.1.1.13,1
678,679,Minimum,Minimum value.,10,1,1,5.1.1.14,1
679,680,Maximum,Maximum value.,10,1,1,5.1.1.15,1
680,681,Comparison,Comparison of numbers.,10,1,1,5.1.2,0
681,682,Equal,= operator.,10,1,1,5.1.2.1,1
682,683,NotEqual,!= operator.,10,1,1,5.1.2.2,1
683,684,LesserThan,< operator.,10,1,1,5.1.2.3,1
684,685,LesserThanOrEqual,<= operator.,10,1,1,5.1.2.4,1
685,686,GreaterThan,> operator.,10,1,1,5.1.2.5,1
686,687,GreaterThanOrEqual,>= operator.,10,1,1,5.1.2.6,1
687,688,Parity,Whether a number is even or odd.,10,1,1,5.1.3,0
688,689,Even,Even values.,10,1,1,5.1.3.1,1
689,690,Odd,Odd values.,10,1,1,5.1.3.2,1
690,691,Logic,Logic operations.,10,1,1,5.2,0
691,692,Conjunction,Conjunction (And).,10,1,1,5.2.1,1
692,693,Disjunction,Disjunction (Or).,10,1,1,5.2.2,1
693,694,ExclusiveDisjunction,Exclusive Disjunction (Xor).,10,1,1,5.2.3,1
694,695,Negation,Negation (Not).,10,1,1,5.2.4,1
695,696,Set,Set operations.,10,1,1,5.3,0
696,697,Union,Union operation.,10,1,1,5.3.1,1
697,698,Intersection,Intersection operation.,10,1,1,5.3.2,1
698,699,Complement,Complement operation (Difference).,10,1,1,5.3.3,1
699,700,Algorithmics,Algorithmic operations.,10,1,1,5.4,0
700,701,ConditionalStatement,Conditional Statement (If).,10,1,1,5.4.1,1
701,702,ControlFlowStatement,Control Flow Statement (For).,10,1,1,5.4.2,1
702,703,Float,Float values.,10,1,1,5.5,1
703,704,Visual,Important visual aspects.,9,1,1,6,0
704,705,Style,Style of game elements.,9,1,1,6.1,0
705,706,BoardStyle,Style of the board.,9,1,1,6.1.1,0
706,707,GraphStyle,Use Graph style.,9,1,1,6.1.1.1,1
707,708,ChessStyle,Use Chess style.,9,1,1,6.1.1.2,1
708,709,GoStyle,Use Go style.,9,1,1,6.1.1.3,1
709,710,MancalaStyle,Use Mancala style.,9,1,1,6.1.1.4,1
710,711,PenAndPaperStyle,Use PenAndPaper style.,9,1,1,6.1.1.5,1
711,712,ShibumiStyle,Use Shibumi style.,9,1,1,6.1.1.6,1
712,713,BackgammonStyle,Use Backgammon style.,9,1,1,6.1.1.7,1
713,714,JanggiStyle,Use Janggi style.,9,1,1,6.1.1.8,1
714,715,XiangqiStyle,Use Xiangqi style.,9,1,1,6.1.1.9,1
715,716,ShogiStyle,Use Shogi style.,9,1,1,6.1.1.10,1
716,717,TableStyle,Use Table style.,9,1,1,6.1.1.11,1
717,718,SurakartaStyle,Use Surakarta style.,9,1,1,6.1.1.12,1
718,719,TaflStyle,Use Tafl style.,9,1,1,6.1.1.13,1
719,720,NoBoard,Board is not shown.,9,1,1,6.1.1.14,1
720,721,ComponentStyle,Style of the component.,9,1,1,6.1.2,0
721,722,AnimalComponent,Use animal components.,9,1,1,6.1.2.1,1
722,723,ChessComponent,Use Chess components.,9,1,1,6.1.2.2,0
723,724,KingComponent,Use Chess components.,9,1,1,6.1.2.2.1,1
724,725,QueenComponent,Use Queen components.,9,1,1,6.1.2.2.2,1
725,726,KnightComponent,Use Knight components.,9,1,1,6.1.2.2.3,1
726,727,RookComponent,Use Rook components.,9,1,1,6.1.2.2.4,1
727,728,BishopComponent,Use Bishop components.,9,1,1,6.1.2.2.5,1
728,729,PawnComponent,Use Pawn components.,9,1,1,6.1.2.2.6,1
729,730,FairyChessComponent,Use fairy Chess components.,9,1,1,6.1.2.3,1
730,731,PloyComponent,Use Ploy components.,9,1,1,6.1.2.4,1
731,732,ShogiComponent,Use Shogi components.,9,1,1,6.1.2.5,1
732,733,XiangqiComponent,Use Xiangqi components.,9,1,1,6.1.2.6,1
733,734,StrategoComponent,Use Stratego components.,9,1,1,6.1.2.7,1
734,735,JanggiComponent,Use Janggi components.,9,1,1,6.1.2.8,1
735,736,HandComponent,Use Hand components.,9,1,1,6.1.2.9,1
736,737,CheckersComponent,Use Checkers components.,9,1,1,6.1.2.10,1
737,738,BallComponent,Use Ball components.,9,1,1,6.1.2.11,1
738,739,TaflComponent,Use Tafl components.,9,1,1,6.1.2.12,1
739,740,DiscComponent,Use Disc components.,9,1,1,6.1.2.13,1
740,741,MarkerComponent,Use Marker components.,9,1,1,6.1.2.14,1
741,742,StackType,Visual of a stack.,9,1,1,6.2,0
742,743,Stack,Stacks of pieces.,9,1,1,6.2.1,1
743,744,Symbols,Symbols on the board.,9,1,1,6.3,1
744,745,ShowPieceValue,Show piece values.,9,1,1,6.4,1
745,746,ShowPieceState,Show piece states.,9,1,1,6.5,1
746,747,Implementation,"Internal implementation details, e.g. for performance predictions.",8,1,1,7,0
747,748,State,State related implementation.,8,1,1,7.1,0
748,749,StateType,Type of state used.,8,1,1,7.1.1,0
749,750,StackState,Use stack state.,8,1,1,7.1.1.1,1
750,751,PieceState,State related information about piece.,8,1,1,7.1.2,0
751,752,SiteState,Use site state.,8,1,1,7.1.2.1,1
752,753,SetSiteState,Set the site state.,8,1,1,7.1.2.2,1
753,754,VisitedSites,Store visited sites in previous moves of a turn.,8,1,1,7.1.2.3,1
754,755,Variable,Use state variable(s).,8,1,1,7.1.3,0
755,756,SetVar,The variable 'var' is set.,8,1,1,7.1.3.1,1
756,757,RememberValues,Some values are remembered.,8,1,1,7.1.3.2,1
757,758,ForgetValues,Some values are forgotten.,8,1,1,7.1.3.3,1
758,759,SetPending,The variable pending is set.,8,1,1,7.1.3.4,1
759,760,InternalCounter,Use internal counter of the state.,8,1,1,7.1.4,0
760,761,SetInternalCounter,Set internal counter of the state.,8,1,1,7.1.4.1,1
761,762,PlayerValue,Use player value.,8,1,1,7.1.5,1
762,763,SetHidden,Hidden information are set.,8,1,1,7.1.6,0
763,764,SetInvisible,Invisibility is set.,8,1,1,7.1.6.1,1
764,765,SetHiddenCount,Hidden count is set.,8,1,1,7.1.6.2,1
765,766,SetHiddenRotation,Hidden rotation is set.,8,1,1,7.1.6.3,1
766,767,SetHiddenState,Hidden state is set.,8,1,1,7.1.6.4,1
767,768,SetHiddenValue,Hidden value is set.,8,1,1,7.1.6.5,1
768,769,SetHiddenWhat,Hidden count are set.,8,1,1,7.1.6.6,1
769,770,SetHiddenWho,Hidden who is set.,8,1,1,7.1.6.7,1
770,771,Efficiency,"Implementation related to efficiency (run on Intel E7-8860, 2.2 GHz, 4GB RAM, Seed = 2077).",8,1,1,7.2,0
771,772,CopyContext,The context can be copied during computation of the moves.,8,1,1,7.2.1,1
772,773,Then,Use consequences moves (then).,8,1,1,7.2.2,1
773,774,ForEachPiece,Describes moves per piece.,8,1,1,7.2.3,1
774,775,DoLudeme,Use a (do ...) ludeme.,8,1,1,7.2.4,1
775,776,Trigger,Use a (trigger ...) ludeme.,8,1,1,7.2.5,1
776,777,PlayoutsPerSecond,Number of playouts computed per second.,8,4,2,7.2.6,1
777,778,MovesPerSecond,Number of moves computed per second.,8,4,2,7.2.7,1
778,779,OutcomeUniformity,Inverse of average per-player variance in outcomes.,7,4,2,4.5.6,1
